Username,PID,Name
<<<<<<< HEAD
Rew,0XWwlG,helloworld
Rew,ADg9W0,helloworld
Rew,AW1n3G,helloworld
Rew,AD4VK1,helloworld
Rew,0aMr40,helloworld
Rew,dKk1pd,helloworld
Rew,Gl2LrA,helloworld
Rew,GkRVzJ,helloworld
Rew,0NVNyn,helloworld
Rew,0N3wnA,helloworld
Rew,dKl3eG,helloworld
Rew,AVqVN9,helloworld
Rew,AP2ejG,helloworld
Rew,Gk1YgA,helloworld
Rew,dg69x2,helloworld
Rew,d9Vz5G,helloworld
Rew,AVl9NG,helloworld
Rew,d11QEd,helloworld
Rew,0rl7KD,helloworld
Rew,0ea8b0,helloworld
=======
Rew,AYKmjG,helloworld
Rew,djMxYA,1234
Rew,AYZjzd,This is me
EventMe,0XobmG,First Project
EventMe,A6zOvA,Second Project
Rew,0bqKNG,Hellow
EventMe,dwLMJG,Third Project
Rew,d8DOxd,Book Fair
Rew,Aq5xDA,GG
>>>>>>> 08747880e8e80df0ed1e5cbf3823f9c76896277b
